Администратор;Никифорова Анна Семеновна;94d5ous@gmail.com;uzWC67
Администратор;Стелина Евгения Петровна;uth4iz@mail.com;2L6KZG
Администратор;Михайлюк Анна Вячеславовна;5d4zbu@tutanota.com;rwVDh9
Менеджер;Ситдикова Елена Анатольевна;ptec8ym@yahoo.com;LdNyos
Менеджер;Ворсин Петр Евгеньевич;1qz4kw@mail.com;gynQMT
Менеджер;Старикова Елена Павловна;4np6se@mail.com;AtnDjr
Авторизированный клиент;Никифорова Весения Николаевна;yzls62@outlook.com;JlFRCZ
Авторизированный клиент;Сазонов Руслан Германович;1diph5e@tutanota.com;8ntwUp
Авторизированный клиент;Одинцов Серафим Артёмович;tjde7c@yahoo.com;YOyhfR
Авторизированный клиент;Степанов Михаил Артёмович;wpmrc3do@tutanota.com;RSbvHv
